DIDs ,DIDs Available,DIDs Used,Description,Reserve
270-359-8159,254-842-4482,221-538-7618,Halsy Tutsell,Wordpedia
599-425-0663,466-358-6597,463-167-8082,Jenda Greally,Gabcube
398-848-9904,469-610-1681,286-222-7935,Piotr Hush,Mynte
512-588-2350,984-426-3220,635-572-2488,Goddart Brayson,Centimia
777-876-9515,663-947-3883,602-489-2914,Silvano Rackley,Buzzshare
980-600-9887,268-805-0796,622-850-9511,Dorothy Rubinovitsch,Jaloo
287-920-6238,827-757-2131,745-771-0797,Kristos Annice,Jatri
873-602-3706,917-723-1834,623-189-1560,Stephi Studd,Oyope
317-668-2051,758-302-9338,526-544-2532,Isador Harvard,Rhynoodle
924-462-7782,448-872-4418,355-847-6373,Homerus Strongitharm,Browsecat
440-378-1228,116-736-3296,183-293-3066,Alano Tuff,Eare
838-759-7966,492-357-3651,950-689-7696,Willy Janway,Youopia
248-765-3772,578-485-2484,998-450-0416,Marsha Fullstone,Edgewire
600-828-4985,892-391-6457,890-230-9447,Wang Miklem,Edgepulse
324-827-3339,444-228-1455,648-857-3772,Maddy Ghidoni,Realbridge
963-104-6451,168-914-8370,624-874-7828,Ingamar Handasyde,Feedfish
965-741-2598,439-150-8951,791-515-8170,Gaven Espadate,Ntags
162-484-8445,767-805-6752,755-938-3138,Angelico Eastope,Realbuzz
338-285-9364,171-425-3390,707-644-9258,Mab Banford,Voonte
446-458-4908,154-689-8488,804-971-4323,Priscella Illidge,Skyba
901-645-4682,672-597-0674,312-806-1524,Chantal Bonnin,Realcube
413-943-5288,123-355-7663,821-960-8193,Carol Revan,Bubblemix
164-907-3270,574-806-5626,745-193-8450,Neils Macquire,Jabberbean
336-433-5737,345-460-7814,364-248-1414,Collen Weatherley,Babblestorm
806-159-3465,906-641-0780,861-875-3205,Riccardo Chidzoy,Zoomlounge
300-891-7352,733-263-3951,352-594-0686,Roana Terrans,Demizz
443-892-6816,137-744-0831,194-342-1301,Chevalier Lambis,Viva
585-604-0734,480-696-5816,834-697-6947,Boyd Lawrenz,Midel
992-511-1581,259-250-7455,732-688-6821,Julie Locks,Buzzshare
135-364-8738,632-457-8977,443-859-3835,Ardra Kydde,Teklist
187-225-4304,429-320-3452,256-399-3768,Lilla Fellenor,Wikivu
174-487-2833,547-385-5581,920-534-5084,Tobie Maynard,Bluejam
732-925-5228,819-769-7733,402-502-3295,Giselbert Antonsen,Topiczoom
177-241-4592,457-691-0913,805-370-5310,Minnie Melly,Trudoo
117-320-0828,802-602-7524,736-984-8049,Flin Masding,Quimm
877-736-9020,465-706-1921,539-507-7037,Rab Tytherton,Jaloo
494-987-9412,695-710-9792,428-208-7987,Hew Gotthard,Bubbletube
496-559-3002,872-492-9272,569-415-3196,Vinnie Kingswoode,Camimbo
283-167-2147,831-477-6032,317-463-0710,Sergei Saffrin,Riffwire
472-206-0555,387-545-1174,388-524-1956,Baldwin Aspray,Jaloo
331-518-8045,985-821-3353,453-503-5065,Der Lusgdin,Vinte
298-454-2502,138-832-5763,505-293-7519,Dollie Whitfeld,Devshare
274-764-3340,222-275-3804,881-637-4924,Mariam De L'Isle,Rhybox
131-995-2572,346-940-6460,170-982-1402,Inge Soloway,Topicware
415-956-9998,802-456-5879,397-707-6525,Udell Clemmensen,Twitterbeat
565-495-3954,187-322-4909,901-426-9893,Edwin Palomba,Yoveo
603-294-4673,580-739-4730,982-956-1210,Darya Ilson,Quaxo
232-283-9956,916-786-9893,267-221-8939,Electra Craigg,Dabvine
483-272-6073,874-367-9740,533-838-4545,Agna Husthwaite,Devpoint
227-117-6740,430-805-9145,592-384-8422,Natala Moffat,Realblab
898-819-5094,294-483-5130,920-168-6118,Elicia Buckhurst,Jamia
192-509-4969,279-699-9931,674-501-0069,Clarice Syers,Zazio
575-833-9040,526-883-1397,540-825-0311,Blaine Ventura,Eabox
455-907-2102,806-967-4703,725-135-7894,Elsinore Dronsfield,Wordware
833-475-7018,672-544-9976,303-386-9598,Marshall Duffree,Feedbug
587-149-7556,992-238-9963,697-568-6158,Risa Slimmon,Npath
552-294-1410,868-294-4512,445-777-5428,Kayley Lockney,Babblestorm
682-424-1924,484-456-4894,156-179-2270,Truman Tribble,Devpulse
488-418-5891,130-749-1806,629-768-5585,Hirsch Winks,Chatterbridge
219-827-4618,997-821-2179,801-975-0888,Charlotta Befroy,Katz
693-187-1622,753-164-2720,290-734-1028,Benito Kensett,Jabberbean
407-125-6298,587-458-2031,635-101-7580,Kerk Eastabrook,Yombu
741-950-7815,288-116-1593,249-267-5699,Karee Hurl,Oba
299-730-6435,898-427-2602,634-411-3872,Shane Newson,Miboo
480-390-7296,488-630-1462,779-508-0940,Etti Mallinar,Dynabox
415-147-1987,203-542-2618,854-498-2788,Nowell Dunkerly,Zoozzy
367-910-2407,957-646-9017,594-832-4737,Merv Cruise,LiveZ
504-363-3824,624-383-6244,768-455-3738,Lurette Allingham,Muxo
558-843-1353,136-450-7302,214-367-5755,Row Spikeings,Jabberstorm
178-222-7180,658-857-6891,824-170-2371,Valli Gaitskell,Riffpath
864-886-3932,220-908-7863,534-881-0532,Vincenz de Pinna,Skinder
343-135-0636,486-426-1434,413-811-5391,Benjie Andrys,Layo
789-686-3490,764-792-8706,691-379-7941,Quentin Calderonello,Pixoboo
587-596-9441,172-819-8118,520-978-9834,Ealasaid Roffey,Realcube
828-787-9751,258-800-1029,753-266-3775,Francklin McCloch,Edgetag
871-748-5133,477-446-7473,617-486-9153,Natalina Bazylets,Layo
535-146-6275,746-919-9048,997-737-7201,Pauletta Bartholin,Skinix
963-281-8801,206-415-7073,866-577-6219,Theressa Kelsow,Browsecat
807-336-5883,906-592-0467,529-264-9376,Roxine Morton,Einti
950-390-2420,701-387-9940,412-521-0368,Mellisa Fortye,Browseblab
105-404-5400,685-563-1911,991-423-7323,Donovan Pheazey,Kare
485-916-4903,104-407-0637,964-317-6915,Clementine Skelcher,Katz
704-258-1171,184-135-6277,143-242-8944,Victoir Parman,Yambee
858-861-8903,944-355-9630,765-730-1894,Jamey Skudder,Midel
816-452-1976,687-426-6046,598-555-8669,Elianora Isaaksohn,Wordware
240-586-0929,495-488-5062,943-474-6881,Mady Wildes,Blogpad
499-467-8382,422-227-2638,927-521-9275,Hamish Goodin,Mynte
281-546-7758,663-416-6265,473-901-8220,Lindie Spurett,Quatz
648-344-0508,319-891-8364,614-446-4005,Trisha Maidstone,Meembee
594-695-3144,135-277-4072,733-353-9711,Anneliese Reck,Divape
759-491-6353,761-583-2013,633-877-1706,Leonard Bartozzi,Thoughtstorm
874-981-1416,112-498-4173,370-124-2592,Debbi Stratton,Zava
809-632-2214,160-503-7648,718-469-5990,Torrin Straker,Tazzy
814-425-3121,267-449-0325,531-544-1837,Grantley Kettell,Skinix
321-888-3305,941-752-3087,393-928-1800,Bridie Whitear,Topicstorm
782-276-6138,556-821-8908,309-739-4744,Donnie Beckey,Jabberbean
906-780-2893,144-809-9419,265-250-2412,Emyle Feldmus,Tazz
103-984-7183,369-212-0795,670-734-9200,Andreas Clampe,Skidoo
823-161-5411,969-534-3235,814-296-8446,Carole Gouldsmith,Vinder
241-102-7333,721-841-0375,572-750-4740,Fred Fairpool,Skyvu
